X,Y
 فضلو اپنے آم کے باغ میں طوطوں کو اڑانے مشغول تھا۔,فضلو اپنے آم کے باغ میں طوطوں کو اڑانےمیں مشغول تھا۔
گرمیوں کی ایک تپتی دوپہر میں جب سورج آگ برسا رہا تھی۔,گرمیوں کی ایک تپتی دوپہر میں جب سورج آگ برسا رہا تھا۔
شریر طوطے ہرے ہرے پتوں میں آم کتر رہا تھے۔,شریر طوطے ہرے ہرے پتوں میں چھپے چوری چوری آم کتر رہے تھے۔
 صرف مسجد کا آواز آ رہی تھی۔, صرف مسجد کی آواز آ رہی تھی۔
طوطوں کا غول کسی دوسرے درخت میں جا بیٹھتا۔,طوطوں کا غول کسی دوسرے درخت پر جا بیٹھتا۔
ہر طرف سناٹا تھی۔ ,ہر طرف سناٹا تھا۔
وہ کچھ دیر کے لئے جامن کے درخت کی چھاؤں پر بیٹھ گیا۔,وہ کچھ دیر کے لئے جامن کے درخت کی چھاؤں میں بیٹھ گیا۔
اور اس کے ہونٹوں سے بانسری پھسل کر گھاس پر گر گیا۔,اور اس کے ہونٹوں سے بانسری پھسل کر گھاس پر گر گئ۔
 اس کو دیکھ کر فضلو کی سٹی گم ہو گئی۔, اسے دیکھ کر فضلو کی سٹی گم ہو گئی۔
شکر تھا جناب۔,شکر ہے جناب۔
بس اللہ کا قرم ہے۔,بس اللہ کا کرم ہے۔
 دوست! ذرا جلدی کری۔, دوست! ذرا جلدی کرو۔
میں نے لنچ  کرنا ہے۔,مجھے لنچ  کرنا ہے۔
ان میں سے صفید والا لے اؤ۔,ان میں سے سفید والا لے آؤ۔
وہ سامنے دو بیل بندھا ہے۔,وہ سامنے دو بیل بندھے ہیں۔
اس کا گوشت یقیناً لذیز ہوگی۔,اس کا گوشت یقیناً لذیز ہوگا۔
اس کے بعد اس نے کچھ سوچ کر التجا کیا۔,اس کے بعد اس نے کچھ سوچ کر التجا کی۔
’’حضور! یہ بیل تو میری روٹی روزی کے سہارا ہیں۔,’’حضور! یہ بیل تو میری روٹی روزی کا سہارا ہیں۔
اس کے بغیر میں کھیتی کیسے کروں گی۔,اس کے بغیر میں کھیتی کیسے کروں گا۔
‘‘ ’’بھئی ہم کو یہ فضول باتیں مت کرو۔,‘‘ ’’بھئی ہم سے یہ فضول باتیں مت کرو۔
یہ تمہاری معاملہ ہے۔,یہ تمہارا معاملہ ہے۔
جلدی بیل کا نہلا کر لاؤ۔,جلدی بیل نہلا کر لاؤ۔
جو ہکم سرکار۔,جو حکم سرکار۔
لیکن آپ یقین کریں کہ اس بوڑھے بیل کو مقابلے میں میری گائے کا گوشت بہت نرم اور لذیز ہوگا۔,لیکن آپ یقین کریں کہ اس بوڑھے بیل کے مقابلے میں میری گائے کا گوشت بہت نرم اور لذیز ہوگا۔
اگر آپ کہیں تو میں گھر سے گائے کھول کے لاؤں۔,اگر آپ کہیں تو میں گھر سے گائے کھول لاؤں۔
‘‘ فضلو نے کانپتے ہوئ کہا۔,‘‘ فضلو نے کانپتے ہوئے کہا۔
’’اچھا تو پھر دوڑتا ہوی جا اور فٹافٹ آ۔,’’اچھا تو پھر دوڑتا ہوا جا اور فٹافٹ آ۔
سوچ لے اگر دیر ہوئی تو میں تیرے دونوں بیلوں کو ہڑپ کر جاؤں گی۔,سوچ لے اگر دیر ہوئی تو میں تیرے دونوں بیلوں کو ہڑپ کر جاؤں گا۔
فضلو سے اس کی گہری دوستی بھی تھا۔,فضلو سے اس کی گہری دوستی بھی تھی۔
فضلو سیدھا اپنے دوست شرفو درزی کے پاس گیٔ۔,فضلو سیدھا اپنے دوست شرفو درزی کے پاس گیا۔
شرفو بہت ذہین تھی۔,شرفو بہت ذہین تھا۔
فضلو نے اپنے دوست کو پوری کہانی سناتے ہوئے تجویز مانگی کہ کیسے بھوکے چیتے سے پیچھا چھڑایا جائے۔,فضلو نے اپنے دوست کو پوری کہانی سناتے ہوئے تجویز مانگی کہ کیسے بھوکے چیتے سے پیچھا چھڑایا جائے۔
شرفو پھر بول۔,شرفو پھر بولا۔
ٹھیک ھے دوست۔,ٹھیک ہے دوست۔
تم فکر نا کری میں کچھ بندوبست کرتا ہوں۔,تم فکر نا کرو میں کچھ بندوبست کرتا ہوں۔
شرفو نے الماری پر سے سفید لٹھے کے دو تان نکالے۔,شرفو نے الماری میں سے سفید لٹھے کے دو تان نکالے۔
یہ بانس رسی سے اچھی طرح اپنی پیروں میں باندھ لی۔,یہ بانس رسی سے اچھی طرح اپنے پیروں میں باندھ لے۔
اس کے بعد اس نے اپنے چھپر سے دو بانس نکالی۔,اس کے بعد اس نے اپنے چھپر سے دو بانس نکالے۔
شرفو اس کے سامنے بونا لگ رہی تھا۔,شرفو اس کے سامنے بونا لگ رہا تھا۔
فضلو دیوار کی سہار لے کر کھڑا ہوا۔,فضلو دیوار کا سہار لے کر کھڑا ہوا۔
فضلو لیٹ کر دروازے سی نکلا اور باغ کی طرف چل دیا۔,فضلو لیٹ کر دروازے سے نکلا اور باغ کی طرف چل دیا۔
رستے میں لوگ حیرت سے اس کو مڑ مڑ کر دیکھ رہے تھے۔,راستے میں لوگ حیرت سے اس کو مڑ مڑ کر دیکھ رہے تھے۔
’’ارے مجھے بھوک لگ رہے ہے۔,’’ارے مجھے بھوک لگ رہی ہے۔
بہت دن ہو گیا کسی چیتے کا گوشت نہیں کھایا۔,بہت دن ہو گئے کسی چیتے کا گوشت نہیں کھایا۔
دو دن پہلے ایک شیر کھائ تھی لیکن مزہ نہیں آیا۔,دو دن پہلے ایک شیر کھایا تھا لیکن مزہ نہیں آیا۔
گیدڑ درخت کی نیچے چھپا یہ سارا ماجرا دیکھ رہا تھا۔,گیدڑ درخت کے نیچے چھپا یہ سارا ماجرا دیکھ رہا تھا۔
چیتے کو دم دبا کر بھاگتی دیکھ کر اس نے چیتے کو روک کر کہا۔,چیتے کو دم دبا کر بھاگتا دیکھ کر اس نے چیتے کو روک کر کہا۔
’’حضور آپ کہاں بھاگے جا رہا ہیں۔,’’حضور آپ کہاں بھاگے جا رہے ہیں۔
فضلو نے آپ کو بےوقوف بنایی ہے۔,فضلو نے آپ کو بےوقوف بنایا ہے۔
یہ بھوت نہیں فضلو کا دوست شرفو درزی۔,یہ بھوت نہیں فضلو کا دوست شرفو درزی ہے۔
اس نے آپ کو ڈرانے کے لئے بھیس بدلی ہے۔,اس نے آپ کو ڈرانے کے لئے بھیس بدلا ہے۔
مجھ کو معلوم ہے تو جھوٹا ہے۔,مجھے معلوم ہے تو جھوٹا ہے۔
تو مجھے اس بھوت کی حوالے کر کے چمپت ہو جائےگا۔,تو مجھے اس بھوت کے حوالے کر کے چمپت ہو جائےگا۔
حضور! آپ مجھ کو جھوٹا سمجھتے ہیں؟,حضور! آپ مجھے جھوٹا سمجھتے ہیں؟
 اور اس نے اپنی دم گیدڑ جھگڑالو کا دم سے باندھ لی اور واپس باغ کا رخ کیا۔, اور اس نے اپنی دم گیدڑ جھگڑالو کی دم سے باندھ لی اور واپس باغ کا رخ کیا۔
یہ سن کر چیتے کو اطمینان ہوئ۔,یہ سن کر چیتے کو اطمینان ہوا۔
 اور زور سے اس پر ہاتھ مارہ۔, اور زور سے اس پر ہاتھ مارا۔
شرفو جلدی سے نیم کی درخت کی نزدیک گیا۔,شرفو جلدی سے نیم کے درخت کے نزدیک گیا۔
شہد کی مکھیاں اس کے چہرے پر ہاتھ مارا۔,شہد کی مکھیوں نے اس کے چہرے پر ہاتھ مارا۔
 اور ڈنک مارنے شروع کر دی۔, اور ڈنک مارنے شروع کر دیئے۔
شہد کی مکھیاں اس کی چہرے پر لپٹ گئی۔,شہد کی مکھیاں اس کے چہرے پر لپٹ گیٔں۔
شرفو نے اپنے چہرے پر کریم مل لیا۔,شرفو نے اپنے چہرے پر کریم مل لی۔
اسے معلوم تھا کہ چونا شہد کے مکھیوں کے کاٹے کا فوری علاج ہے۔,اسے معلوم تھا کہ چونا شہد کے مکھیوں کے کاٹے کا فوری علاج ہے۔
 اور چونا لگنے کی وجا سے بہت بھیانک لگ رہا تھی۔, اور چونا لگنے کی وجہ سے بہت بھیانک لگ رہا تھا۔
اب اس کی چہرہ سوج کر غبارہ ہو گیا تھی۔,اب اس کا چہرہ سوج کر غبارہ ہو گیا تھا۔
وہ اس کو بھوت سمجھ کر کانپ گیا۔,وہ اسے بھوت سمجھ کر کانپ گیا۔
چیتے نے شرفو کو دیکھی۔,چیتے نے شرفو کو دیکھا۔
اسے گیدڑ پر بھی بھت غصے آ رہا تھا۔,اسے گیدڑ پر بھی بھت غصہ آ رہا تھا۔
چیتا ڈر کر بھاگ گئ۔,چیتا ڈر کر بھاگ گیا۔
اسے دوست نے گلے لگانے کے لئے درخت پر چڑھنا پڑا۔,اسے دوست کو گلے لگانے کے لئے درخت پر چڑھنا پڑا۔
فضلو کو جان میں جان آئی۔,فضلو کی جان میں جان آئی۔
بچے جب مل بیٹھتے ہیں تو کوئی نہ کوئی کھیل ضرور شروع ہو جاتی ہے۔,بچے جب مل بیٹھتے ہیں تو کوئی نہ کوئی کھیل ضرور شروع ہو جاتا ہے۔
بچوں کو کھیلنا سے باز نہیں رکھا جا سکتا۔,بچوں کو کھیلنے سے باز نہیں رکھا جا سکتا۔
کچھ کھیل ایسے ہوتے ہیں جو کمروں میں کھیلے جاتی ہیں اور کچھ میدانی کھیل ہوتے ہیں۔,کچھ کھیل ایسے ہوتے ہیں جو کمروں میں کھیلے جاتے ہیں اور کچھ میدانی کھیل ہوتے ہیں۔
آپ بھی بہت سے کھیل کھیلے ہوں گے۔,آپ بھی بہت سے کھیل کھیلتے ہوں گے۔
آپ کے تفریح کے لئے کچھ اور کھیل بتائے جاتے ہیں۔,آپ کی تفریح کے لئے کچھ اور کھیل بتائے جاتے ہیں۔
ہو سکتی ہے کہ یہ آپ کے لئے بالکل نئے ہوں۔,ہو سکتا ہے کہ یہ آپ کے لئے بالکل نئے ہوں۔
ایسی صورت میں آپ اور آپ کے ساتھی بہت لطف اندوز ہوں گی۔,ایسی صورت میں آپ اور آپ کے ساتھی بہت لطف اندوز ہوں گے۔
گھر کا اندر یا باہر کھیلا جاسکتا ہے۔,گھر کے اندر یا باہر کھیلا جاسکتا ہے۔
یورپ میں بچے اس کھیل کو بہت شوک سے کھیلتے ہیں۔,یورپ میں بچے اس کھیل کو بہت شوق سے کھیلتے ہیں۔
باقی سب بچے انگلیاں پکڑ کر مداری کے گرد حلقہ بنا کر ناچتے ہیں اور کوئی سا گیت گاتے ہیں۔,باقی سب بچے انگلیاں پکڑ کر مداری کے گرد حلقہ بنا کر ناچتے ہیں اور کوئی سا گیت گاتے ہیں۔
مداری اپنی ڈنڈا کسی بچے کی طرف کرتا ہے۔,مداری اپنا ڈنڈا کسی بچے کی طرف کرتا ہے۔
وہ بچہ حلقے کے اندر آکر ڈنڈے کی دوسرا سرا تھام لیتا ہے۔,وہ بچہ حلقے کے اندر آکر ڈنڈے کا دوسرا سرا تھام لیتا ہے۔
اگر اس کا اندازا ٹھیک ہو تو مداری حلقے میں چلا جاتا ہے۔,اگر اس کا اندازہ ٹھیک ہو تو مداری حلقے میں چلا جاتا ہے۔
ایک بات کا دھیان رکھے کہ ڈنڈا زیادہ لمبا یا نوکیلا نہ ہو۔,ایک بات کا دھیان رکھیں کہ ڈنڈا زیادہ لمبا یا نوکیلا نہ ہو۔
مداری کی آنکھیں بند ہوتے ہیں۔,مداری کی آنکھیں بند ہوتی ہیں۔
اور یہ ڈنڈا کسی کہ مونہہ یا آنکھ پر لگ سکتا ہے۔,اور یہ ڈنڈا کسی کے مونہہ یا آنکھ پر لگ سکتا ہے۔
اندھیرے میں مچھلی پکڑنا یہ کھیل چین پر بہت کھیلا جاتا ہے۔,اندھیرے میں مچھلی پکڑنا یہ کھیل چین میں بہت کھیلا جاتا ہے۔
ہر بچہ اپنی نام کسی مچھلی کے نام پر رکھ لیتا ہے۔,ہر بچہ اپنا نام کسی مچھلی کے نام پر رکھ لیتا ہے۔
اب ایک کھلاڑی کو مچھیرا چن لی جاتا ہے۔,اب ایک کھلاڑی کو مچھیرا چن لیا جاتا ہے۔
اس کے آنکھوں پر پٹی باندھ دی جاتا ہے۔,اس کی آنکھوں پر پٹی باندھ دی جاتی ہے۔
مچھیرا ایک ہی جگہ پر کھڑا رہتی ہے۔,مچھیرا ایک ہی جگہ پر کھڑا رہتا ہے۔
"اس کے گرد اندھیرا سمندر ہے، جس میں مختلف ناموں کی مچھلیاں تیر رہی ہے۔","اس کے گرد اندھیرا سمندر ہے، جس میں مختلف ناموں کی مچھلیاں تیر رہی ہیں۔"
مچھلیاں آتے ہیں اور اسے چھوکر نکل جاتی ہیں۔,مچھلیاں آتی ہیں اور اسے چھوکر نکل جاتی ہیں۔
مچھیرا انہیں پکڑنے کا کوشش کرتا ہے۔,مچھیرا انہیں پکڑنے کی کوشش کرتا ہے۔
اگر کوئی مچھلی اس کا ہاتھ لگ جائے تو وہ اس کا نام پکارتا ہے۔,اگر کوئی مچھلی اس کے ہاتھ لگ جائے تو وہ اس کا نام پکارتا ہے۔
بچوں پے بہت چستی پیدا کرتا ہے۔,"سوم منگل
یہ میدان کھیل گیند سے کھیلا جاتا ہے اور بچوں میں بہت چستی پیدا کرتا ہے۔"
اس کھیل کے لئے کم ازکم سات بچے ہونے چاہیے۔,اس کھیل کے لئے کم ازکم سات بچے ہونے چاہئیں۔
"اگر بچے سات سے زیادہ ہوں تو کھیل کا نام سوم منگل کی بجائے جنوری، فروری ہو جاتی ہے۔","اگر بچے سات سے زیادہ ہوں تو کھیل کا نام سوم منگل کی بجائے جنوری، فروری ہو جاتا ہے۔"
کھیلنے والے بچوں کو اگر وہ سات ہوں تو ہفتے کے سات دنوں کے نام دیئے جاتے ہے۔,کھیلنے والے بچوں کو اگر وہ سات ہوں تو ہفتے کے ساتھ دنوں کے نام دیئے جاتے ہیں۔
اگر سات سے زیادہ ہوں تو مہینوں کے نام دے دیئے جاتا ہیں۔,اگر سات سے زیادہ ہوں تو مہینوں کے نام دے دیئے جاتے ہیں۔
لیکن دیوار سے ٹکرا کر آنے والا گیند صرف وہی بچہ دبوچےگی جس کا نام سوم گیند پھینکتے وقت پکارے گا۔,لیکن دیوار سے ٹکرا کر آنے والی گیند صرف وہی بچہ دبوچےگا جس کا نام سوم گیند پھینکتے وقت پکارے گا۔
جس لرکے کا نام لیا گیا ہے اگر وہ گیند کو پکڑ لیتا ہے تو وہ کسی اور لرکے کا نام لے کر گیند کو دیوار سے ٹکرائےگا۔,جس لڑکے کا نام لیا گیا ہے اگر وہ گیند کو پکڑ لیتا ہے تو وہ کسی اور لڑکے کا نام لے کر گیند کو دیوار سے ٹکرائےگا۔
منگل گیند سے کھیل شروع کری گا۔,منگل گیند سے کھیل شروع کرےگا۔
اگر وہ نشانہ نہیں لگا سکا تو وہ گیند چھوڑ دی گا۔,اگر وہ نشانہ نہیں لگا سکا تو وہ گیند چھوڑ دے گا۔
جو بچا تین بار گیند کا نشانہ بن جائے وہ آؤٹ سمجھا جائےگا۔,جو بچہ تین بار گیند کا نشانہ بن جائے وہ آؤٹ سمجھا جائےگا۔
یہ انتہائی پرلطف کھیل جرمنی کی بچوں میں بہت مقبول ہے۔,یہ انتہائی پرلطف کھیل جرمنی کے بچوں میں بہت مقبول ہے۔
اس سے اجنبی بچے بھی بہت جلد ایک دوسرے کو دوست بن جاتے ہیں۔,اس سے اجنبی بچے بھی بہت جلد ایک دوسرے کے دوست بن جاتے ہیں۔
اس کھیل میں سب بچے ایک دائرہ میں کھڑے ہو جاتے ہیں۔,اس کھیل میں سب بچے ایک دائرے میں کھڑے ہو جاتے ہیں۔
یا بیٹھ جاتا ہیں۔,یا بیٹھ جاتا ہے۔
وہ سب نہایت سنجیدہ اور گمبھیر شکلیں بنا لیتا ہیں۔,وہ سب نہایت سنجیدہ اور گمبھیر شکلیں بنا لیتے ہیں۔
اب ایک کھلاری مسکرانا شروع کر دیتا ہے۔,اب ایک کھلاڑی مسکرانا شروع کر دیتا ہے۔
وہ خود سنجیدہ بن جاتا ہے۔,وہ خود سنجیدہ ہو جاتا ہے۔
اس کھیل کا ضروری اسول یہ ہے کہ صرف وہی کھلاڑی مسکرائے جس کی طرف مسکراہٹ پھینکی جائے۔,اس کھیل کا ضروری اصول یہ ہے کہ صرف وہی کھلاڑی مسکرائے جس کی طرف مسکراہٹ پھینکی جائے۔
اگر کوئی اور کھلاڑی ہنسے یا مسکرائےگا تو اسے دائرہ سے خارج کر دی جائےگا۔,اگر کوئی اور کھلاڑی ہنسے یا مسکرائےگا تو اسے دائرے سے خارج کر دیا جائےگا۔
اس کھیل میں کمرا کے درمیان ایک پردا لٹکا دیا جاتا ہے۔,اس کھیل میں کمرے کے درمیان ایک پردہ لٹکا دیا جاتا ہے۔
بچے دوبرابر کی ٹولیاں بنا لیتا ہیں۔,بچے دوبرابر کی ٹولیاں بنا لیتے ہیں۔
ایک ٹولی پردے کے ایک طرف اور دوسری پردے کے دوسری طرف کھڑی ہو جاتی ہے۔,ایک ٹولی پردے کے ایک طرف اور دوسری پردے کے دوسری طرف کھڑی ہو جاتی ہے۔
ایک ٹولی کا ہر کھلاڑی باری باری زور سے ہنستا ہے۔,ایک ٹولی کا ہر کھلاڑی باری باری زور سے ہنستا ہے۔
اس طرح ایک ٹولی ہنستا اور دوسری پہچانتا ہے۔,اس طرح ایک ٹولی ہنستی اور دوسری پہچانتی ہے۔
بچے مصنوعی ہنسی ہنسنے کا کوشش کرتے ہیں۔,بچے مصنوعی ہنسی ہنسنے کی کوشش کرتے ہیں۔
اس کھیل کے نام ہے ’’کون ہنسا؟‘‘۔,اس کھیل کا نام ہے ’’کون ہنسا؟‘‘۔
یہ ایک آسان اور لطف کھیل ہے۔,یہ ایک آسان اور پرلطف کھیل ہے۔
اسے چھوٹے بچہ بڑا دلچسپی سے کھیلتے ہیں۔,اسے چھوٹے بچے بڑی دلچسپی سے کھیلتے ہیں۔
اس کھیل میں بچے دو برابر کی ٹولیوں میں بٹ کر آمنے سامنے بیٹھ جاتا ہیں۔,اس کھیل میں بچے دو برابر کی ٹولیوں میں بٹ کر آمنے سامنے بیٹھ جاتے ہیں۔
بیچ پر کافی جگہ کھلی رہ جاتا ہے۔,بیچ میں کافی جگہ کھلی رہ جاتی ہے۔
اب دونوں ٹولیاں میں سے ایک ایک بچہ بیچ میں آ جاتا ہے۔,اب دونوں ٹولیوں میں سے ایک ایک بچہ بیچ میں آ جاتا ہے۔
دونوں کی آنکھوں پر ہٹی باندھ دی جاتا ہے۔,دونوں کی آنکھوں پر ہٹی باندھ دی جاتی ہے۔
ایک بچہ چوہا ہوتی ہے اور دوسرا بلی۔,ایک بچہ چوہا ہوتا ہے اور دوسرا بلی۔
بلی ایک سرے سے اور چوہا دوسری سرے سے چلتا ہے۔,بلی ایک سرے سے اور چوہا دوسرے سرے سے چلتا ہے۔
خوب جوش و خروش کی مظاہرہ ہوتا ہے۔,خوب جوش و خروش کا مظاہرہ ہوتا ہے۔
اگر بلی چوہے کو پکڑ لے تو مخالف پارٹی کی ایک رکن کم ہو جاتی ہے۔,اگر بلی چوہے کو پکڑ لے تو مخالف پارٹی کا ایک رکن کم ہو جاتا ہے۔
 اور وہ ایک اور چوہا پیش کرتی ہے۔,اگر بلی چوہے کو پکڑ لے تو مخالف پارٹی کا ایک رکن کم ہو جاتا ہے اور وہ ایک اور چوہا پیش کرتی ہے۔
اگر بلی ہار جائے تو جیتنے والی پارٹی بلی اور ہارنے والی پارٹی چوہا بھیجتا ہے۔,اگر بلی ہار جائے تو جیتنے والی پارٹی بلی اور ہارنے والی پارٹی چوہا بھیجتی ہے۔
اس طرح یہ دلچسپ کھیل کافی دیر تک چلتی ہے۔,اس طرح یہ دلچسپ کھیل کافی دیر تک چلتا ہے۔
اس کھیل پے ایک بچے کو ریچھ بنایا جاتا ہے۔,اس کھیل میں ایک بچے کو ریچھ بنایا جاتا ہے۔
اسے کہیں چھپ جانے کی اجازت تھا۔,اسے کہیں چھپ جانے کی اجازت ہے۔
باقی بچے اس کی طرف نہیں دیکھتا۔,باقی بچے اس کی طرف نہیں دیکھتے۔
پچاس یا سو تک گنتی کے بعد سب بچے اپنے گھر سے ریچھ کا تلاش کرنے نکلتے ہیں۔,پچاس یا سو تک گنتی کے بعد سب بچے اپنے گھر سے ریچھ کو تلاش کرنے نکلتے ہیں۔
ریچھ ان کا پیچھا کرتی ہے۔,ریچھ ان کا پیچھا کرتا ہے۔
جو بچہ گھر نہ لوٹ سکے اور پکڑی جائے وہ بھی ریچھ بن جاتا ہے۔,جو بچہ گھر نہ لوٹ سکے اور پکڑا جائے وہ بھی ریچھ بن جاتا ہے۔
اب دو ریچھ چھپنے جاتی ہیں اور باقی بچے انہیں تلاش کرتے ہیں۔,اب دو ریچھ چھپنے جاتے ہیں اور باقی بچے انہیں تلاش کرتے ہیں۔
اس طرح ریچھوں کی تعداد بڑھتی جاتا ہے۔,اس طرح ریچھوں کی تعداد بڑھتی جاتی ہے۔
کئی بار صرف ایک بچہ ہی تلاش کرنے والی رہ جاتی ہے اور سب ریچھٍ اسے گھیر لیتے ہیں۔,کئی بار صرف ایک بچہ ہی تلاش کرنے والا رہ جاتا ہے اور سب ریچھ اسے گھیر لیتے ہیں۔
یہ ضروری نہیں کے سب ریچھ ہی پیچھا کرنے کے لئے نکلیں۔,یہ ضروری نہیں کہ سب ریچھ ہی پیچھا کرنے کے لئے نکلیں۔
اگر تھوڑے بچے رہ جاۓ تو ریچھ بھی تھوڑے ہی باہر نکلتے ہیں۔,اگر تھوڑے بچے رہ جائیں تو ریچھ بھی تھوڑے ہی باہر نکلتے ہیں۔
اور کھیل دوبارہ شروع ہو جاتی ہے۔,اور کھیل دوبارہ شروع ہو جاتا ہے۔
جب کوئی بچہ نہ رہا تو سب ریچھ اپنی پنا گاہوں میں سے باہر نکلتے ہیں۔,جب کوئی بچہ نہ رہے تو سب ریچھ اپنی پناہ گاہوں سے باہر نکلتے ہیں۔
بھئی ہمیں بھی ایک کہانی یاد ہیں۔,بھئی ہمیں بھی ایک کہانی یاد ہے۔
کہو تو صنا دیں!,کہو تو سنا دیں!
ابا جان کو بھی کہانیاں یاد ہے۔,ابا جان کو بھی کہانی یاد ہے۔
ابا جان بھی کہانی سنائے گے۔,ابا جان بھی کہانی سنائیں گے۔
سنائے ابا جان۔,سنائیے ابا جان۔
ابا جان سنائے نا۔,ابا جان سنائیے نا۔
سب بچے سوچنے لگے کہ بادشاہ غریب بھی ہو سکتا ہے یا نہیں؟ شاید ہوتا ہو اگلے زمانے میں۔,سب بچے سوچنے لگے کہ بادشاہ غریب بھی ہو سکتا ہے یا نہیں؟ شاید ہوتا ہو اگلے زمانے میں۔
بھائی جان سے رہا نہ گئ۔,بھائی جان سے رہا نہ گیا۔
"کہنے لگے ’’یہ تو عجیب بے معنی کہانی ہے، جس کی سر نہ پیر۔","کہنے لگے ’’یہ تو عجیب بے معنی کہانی ہے، جس کا سر نہ پیر۔"
"ابا جان بولے ’’کیوں بھئی کون سا مشکل بات ہے، جو تمہاری سمجھ میں نہیں آتی۔","‘‘ 

ابا جان بولے ’’کیوں بھئی کون سی مشکل بات ہے، جو تمہاری سمجھ میں نہیں آتی۔"
منجھلے بھائی نے کہا ’’سمجھ میں توآتی ہے مگر پتا نہیں چلتا۔,"‘‘ 

منجھلے بھائی نے کہا ’’سمجھ میں توآتی ہے مگر پتہ نہیں چلتا۔"
‘‘ یہ سن کر سب ہنس پڑی ’’خب بھئی خوب۔,‘‘ یہ سن کر سب ہنس پڑے ’’خب بھئی خوب۔
سمجھ میں آتی ہے اور پتہ نہیں چلتی۔,سمجھ میں آتی ہے اور پتہ نہیں چلتا۔
‘‘ آپا نے کہا ’’ابا جان بادشاہ غریب تھی۔,‘‘ آپا نے کہا ’’ابا جان بادشاہ غریب تھا۔
 اور پھر ان کو جیب میں کیسے رکھ لی۔, اور پھر ان کو جیب میں کیسے رکھ لیا۔
تو اس نے فقیروں کو بلا کر سونے چاندی کی کھیر کیسے کھلایا۔,تو اس نے فقیروں کو بلا کر سونے چاندی کی کھیر کیسے کھلائی اور پھر ان کو جیب میں کیسے رکھ لیا۔
مزا یہ کہ بادشاہ کے پاس کوئی آتا بھی نہیں تھی۔,مزا یہ کہ بادشاہ کے پاس کوئی آتا بھی نہیں تھا۔
یہ امیر وزیر کہاں سی آ گئے۔,یہ امیر وزیر کہاں سے آ گئے۔
شکار میں قلم اور کاغذ کی بہار کی مطلب کیا ہے۔,شکار میں قلم اور کاغذ کی بہار کا مطلب کیا ہے۔
اور پھر لطف یہ کہ سمندر کا میدان اور ایسا تنگ کہ وہاں مچھر سے جنگ نہیں ہو سکتا۔,اور پھر لطف یہ کہ سمندر کا میدان اور ایسا تنگ کہ وہاں مچھر سے جنگ نہیں ہو سکتی۔
پھر بیچ میں یہ بی چڑیا کہاں سے کود پڑیں جو اپنے چڑے کی بیاہ کرنے والی ہیں۔,پھر بیچ میں یہ بی چڑیا کہاں سے کود پڑیں جو اپنے چڑے کا بیاہ کرنے والی ہیں۔
مگر مچھ کو اپنے گھونسلے میں بلاتا ہیں اور سمندر میں نہیں جانا چاہتیں۔,مگر مچھ کو اپنے گھونسلے میں بلاتی ہیں اور سمندر میں نہیں جانا چاہتیں۔
ننھی بولا’’توبہ توبہ۔,ننھی بولی’’توبہ توبہ۔
آپا جان نے تو بکھیڑا نکال دی۔,آپا جان نے تو بکھیڑا نکال دیا۔
ایسی اچھی کہانی ابا جان کہہ رہے ہے۔,ایسی اچھی کہانی ابا جان کہہ رہے ہیں۔
میرا سمجھ میں تو سب کچھ آتا ہے۔,میری سمجھ میں تو سب کچھ آتا ہے۔
سنائیے ابا جان پھر کیا ہوئ۔,سنائیے ابا جان پھر کیا ہوا۔
ابا جان نے کہا’’بس ننھی میری باتوں کو سمجھتا ہے۔,ابا جان نے کہا’’بس ننھی میری باتوں کو سمجھتی ہے۔
نھی نے کہا ’’خاک مزا آتی ہے۔,نھی نے کہا ’’خاک مزا آتا ہے۔
تم تو سب کہانی کو بیچ میں کاٹ دیتے ہوں۔,تم تو سب کہانیوں کو بیچ میں کاٹ دیتے ہوں۔
ہاں ابا جان جلاہے کا ہاتھی ڈر کر پرے ہٹ گیا ہوگی۔,ہاں ابا جان جلاہے کا ہاتھی ڈر کر پرے ہٹ گیا ہوگا۔
تو پھر کیا ہوئ۔,تو پھر کیا ہوا۔
کہانی بنانی والے نے یہی لکھا ہے۔,کہانی بنانے والے نے یہی لکھا ہے۔
ابا اب میں سمجھ۔,ابا اب میں سمجھا۔
اب مین سمجھا۔,اب میں سمجھا۔
آگے سنائی ابا جان جی۔,آگے سنائیے ابا جان جی۔
جی ہاں بڑی زبردست چوہیا تھا نا۔,جی ہاں بڑی زبردست چوہیا تھی نا۔
 ابا جان ہماری آزمانے کے لئے کہانی کہہ رہا ہیں۔, ابا جان ہماری آزمانے کے لئے کہانی کہہ رہے ہیں۔
اب بچوں کو معلوم ہوگیا تھی۔,اب بچوں کو معلوم ہوگیا تھا۔
سلسلہ ٹوٹتا تھا تو اس کو برا معلوم ہوتی تھی۔,سلسلہ ٹوٹتا تھا تو اس کو برا معلوم ہوتا تھا۔
"ابا جان نے کہا ’’بیٹی میں تو کہتا ہوں، یہ لوگ کہنے نہیں دیتی۔","ابا جان نے کہا ’’بیٹی میں تو کہتا ہوں، یہ لوگ کہنے نہیں دیتے۔"
ہاں میں کیا کہہ رہا تھی۔,ہاں میں کیا کہہ رہا تھا۔
لیجئے بادشاہ پھر آ گئی اور چڑیا بھی آ گیا۔,لیجئے بادشاہ پھر آ گیا اور چڑیا بھی آ گئی۔
چڑیا بھی مونچھوں والا۔,چڑیا بھی مونچھوں والی۔
‘‘ منجھلے بولے ’’ابا جی یہ ہوا کہ کمندیں کیا ہوتا ہیں۔,‘‘ منجھلے بولے ’’ابا جی یہ ہوا کہ کمندیں کیا ہوتی ہیں۔
‘‘ ابا جان نے کہا’’بیٹے کتابوں میں اسی طرح لکھے ہے۔,‘‘ ابا جان نے کہا’’بیٹے کتابوں میں اسی طرح لکھا ہے۔
کمند ہوا چچا سعدی لکھ گئی ہیں۔,کمند ہوا چچا سعدی لکھ گئے ہیں۔
 مگر ننھی اب بہت بگڑ گیا تھا۔, مگر ننھی اب بہت بگڑ گئی تھی۔
’’ابا جی یہ سعدی کے نام کی ساتھ چچا کیوں لگا دیتے ہیں؟‘‘,’’ابا جی یہ سعدی کے نام کے ساتھ چچا کیوں لگا دیتے ہیں؟‘‘ مگر ننھی اب بہت بگڑ گئی تھی۔
اس نے جواب کی وقت نہ دیا اور بسورنے لگی ’’اوں اوں اوں۔,اس نے جواب کا وقت نہ دیا اور بسورنے لگی ’’اوں اوں اوں۔
کہانی ختم کیو۔,کہانی ختم کیجئے۔
واہ ساری کہانی خراب کردیا۔,واہ ساری کہانی خراب کردی۔
پیرس میں ابراہیم نام کا ایک آدمی اپنی بیوی بچوں کے ساتھ ایک جھونپڑی میں رہتی تھی۔,پیرس میں ابراہیم نام کا ایک آدمی اپنی بیوی بچوں کے ساتھ ایک جھونپڑی میں رہتا تھا۔
وہ ایک معمولی اوقات کی عیال دار تھا۔,وہ ایک معمولی اوقات کا عیال دار تھا۔
اس کی گھر شہر سے دس میل دور تھا۔,اس کا گھر شہر سے دس میل دور تھا۔
اس کی جھونپڑی کے پاس سے ایک پتلی سے سڑک جاتا تھا۔,اس کی جھونپڑی کے پاس سے ایک پتلی سے سڑک جاتی تھی۔
ایک گاؤں سے دوسرے گاؤں کو مسافر اسی سڑک سے آتی جاتی تھی۔,ایک گاؤں سے دوسرے گاؤں کو مسافر اسی سڑک سے آتے جاتے تھے۔
رستے میں آرام کرنے کے لئے اور کوئی جگہ نہ ہونے کے وجہ سے مسافروں کو ابراہیم کادروازہ کھٹکھٹانا پڑتا تھا۔,رستے میں آرام کرنے کے لئے اور کوئی جگہ نہ ہونے کی وجہ سے مسافروں کو ابراہیم کادروازہ کھٹکھٹانا پڑتا تھا۔
بعد میں باقی سب آدمی بھی اس دعا کو دہراتی۔,بعد میں باقی سب آدمی بھی اس دعا کو دہراتے۔
مسافروں کی خدمت کا یہ سلسلہ کئی سال تک جاری رہی۔,مسافروں کی خدمت کا یہ سلسلہ کئی سال تک جاری رہا۔
لیکن سب کی دن سدا ایک سی نہیں رہتے۔,لیکن سب کے دن سدا ایک سے نہیں رہتے۔
زمانے کے پھیر میں پڑکر ابراہیم غریب ہو گئی۔,زمانے کے پھیر میں پڑکر ابراہیم غریب ہو گیا۔
اس پر بھی اس نے مسافروں کو کھانا دینابند کیا۔,اس پر بھی اس نے مسافروں کو کھانا دینابند کیا۔
وہ ایک وقت کا کھانا بچاکر مسافروں کے لئے رکھ دیتے تھا۔,وہ ایک وقت کا کھانا بچاکر مسافروں کے لئے رکھ دیتے تھے۔
وہ اور اس کی بیوی بچے دن میں ایک بار کھانا کھاتے۔,وہ اور اس کے بیوی بچے دن میں ایک بار کھانا کھاتے۔
ایک دن دوپہر کو اس کے دروازے پر ایک تھکا ماندہ بوڑھا آیا۔,ایک دن دوپہر کو اس کے دروازے پر ایک تھکا ماندہ بوڑھا آیا۔
اس کا کمر کمان کی طرح جھک گیا تھا اور کمزوری کے باعث اس کے قدم بھی سیدھے نہیں پڑرہے تھے۔,اس کی کمر کمان کی طرح جھک گئی تھی اورکمزوری کے باعث اس کے قدم بھی سیدھے نہیں پڑرہے تھے۔
اس نے ابراہیم کا دروازہ کھٹکھٹایا  ابراہیم اسے اندر لے گیا اور آگ کے پاس جاکر بیٹھا دی۔,اس نے ابراہیم کا دروازہ کھٹکھٹایا ابراہیم اسے اندر لے گیا اور آگ کے پاس جاکر بیٹھا دیا۔
کچھ دیرآرام کرکے بوڑھا بولی۔,کچھ دیرآرام کرکے بوڑھا بولا۔
’’بیٹا میں بہت دور سی آ رہا ہوں۔,’’بیٹا میں بہت دور سے آ رہا ہوں۔
مجھے بہت بھوک لگ رہا ہے۔,مجھے بہت بھوک لگ رہی ہے۔
اس دعا کو اس کے بیوی بچوں نے اس کی پیچھے کھڑے ہوکر دہرایا۔,اس دعا کو اس کے بیوی بچوں نے اس کے پیچھے کھڑے ہوکر دہرایا۔
ابراہیم نے دیکھا وہ بوڑھا چپ چاپ بیٹھی ہے۔,ابراہیم نے دیکھا وہ بوڑھا چپ چاپ بیٹھا ہے۔
اس پر اس نے بوڑھے سے پوچھی۔,اس پر اس نے بوڑھے سے پوچھا۔
تم نے ہمارے ساتھ دعا کیوں نہیں کیا۔,تم نے ہمارے ساتھ دعا کیوں نہیں کی۔
کیا تم ہمارے مذہب میں یقین نہیں رکھتا؟ ,کیا تم ہمارے مذہب میں یقین نہیں رکھتے؟ 
ہم لوگ آ گ کا پوجا کرتے ہیں۔,’’ہم لوگ آ گ کی پوجا کرتے ہیں۔
‘‘اتناسن کر ابراہیم غصہ سے لال پیلا ہو گیا اور اس نےکہا۔,‘‘اتناسن کر ابراہیم غصے سے لال پیلا ہو گیا اور اس نےکہا۔
‘‘ ابراہیم نے اسے کھانا دیئے بغیر ہی گھر سے باہر نکال دیا اور دروازہ بند کرلی۔,‘‘ ابراہیم نے اسے کھانا دیئے بغیر ہی گھر سے باہر نکال دیا اور دروازہ بند کرلیا۔
مگر دروازہ بند کرتے ہی کمرے میں اچانک روشنی پھیل گیا اورایک فرشتے نے ظاہر ہوکر کہا۔,مگر دروازہ بند کرتے ہی کمرے میں اچانک روشنی پھیل گئی اورایک فرشتے نے ظاہر ہوکر کہا۔
دنیا میں مذہب چاہے بے شمار ہے۔,دنیا میں مذہب چاہے بے شمار ہوں۔
لیکن خدا سب کی سچا خالق ہے اورسب کی وہی ایک مالک ہے۔,لیکن خدا سب کا سچا خالق ہے اورسب کا وہی ایک مالک ہے۔
‘‘ یہ کہہ کر فرشتہ آنکھوں سی اوجھل ہو گیا۔,"‘‘ 

یہ کہہ کر فرشتہ آنکھوں سے اوجھل ہو گیا۔"
بوڑھے نے اسے معاف کرتی ہوئی کہا۔,بوڑھے نے اسے معاف کرتے ہوئے کہا۔
’بیٹا اب توتم سمجھ گئے ہوگے کہ خدا سب کی ایک ہے۔,’بیٹا اب توتم سمجھ گئے ہوگے کہ خدا سب کا ایک ہے۔
‘‘یہ سن کر ابراہیم کو بہت تعجب ہوئی۔,‘‘یہ سن کر ابراہیم کو بہت تعجب ہوا۔
کیونکہ یہی بات اس سے فرشتے نے بھی کہا تھی۔,کیونکہ یہی بات اس سے فرشتے نے بھی کہی تھی۔
ایک دن ایک بوڑھی عورت اپنے کھیت میں سے بند گوبھی توڑنے جا رہا تھا۔,ایک دن ایک بوڑھی عورت اپنے کھیت میں سے بند گوبھی توڑنے جا رہی تھی۔
راستے میں ایک غار پڑ تھا تھا جس میں بارہ آدمی رہتا تھا۔,راستے میں ایک غار پڑ تھا تھا جس میں بارہ آدمی رہتے تھے۔
"انہوں نے بڑھیا کو بلاکر کہا ’’بی اماں، یہ بتاؤ سب سے اچھا کون سی مہینہ ہے؟‘‘ ","انہوں نے بڑھیا کو بلاکر کہا ’’بی اماں، یہ بتاؤ سب سے اچھا کون سا مہینہ ہے؟‘‘ "
دیکھو تو جنوری میں سفید سفید برف گرتا ہے۔,دیکھو تو جنوری میں سفید سفید برف گرتی ہے۔
فروری میں بارش ہوتا ہے اور مارچ میں ہر طرف پھول ہی پھول کھل اٹھتے ہیں۔,فروری میں بارش ہوتی ہے اور مارچ میں ہر طرف پھول ہی پھول کھل اٹھتے ہیں۔
باقی سارے مہینے بھی بہت اچھی ہیں۔,باقی سارے مہینے بھی بہت اچھے ہیں۔
"’’بی اماں، تم نے ہم سب کی تعریف کیا۔","’’بی اماں، تم نے ہم سب کی تعریف کی۔"
اس لیے ہم تمہیں انعام دینا چاہتا ہے۔,اس لیے ہم تمہیں انعام دینا چاہتے ہیں۔
"تم جانتی ہو، ہم ہی بارہ مہینے ہے۔","تم جانتی ہو، ہم ہی بارہ مہینے ہیں۔"
 انہوں نے ٹوکری میں بہت سا سونا بھر کر بڑھیا کو دے دی۔, انہوں نے ٹوکری میں بہت سا سونا بھر کر بڑھیا کو دے دیا۔
بڑھیا نے ان کا شکریہ ادا کیا اور گھر چلا گیا۔,بڑھیا نے ان کا شکریہ ادا کیا اور گھر چلی گئی۔
گھر آکر اس نے اپنے بچوں کو سونا دکھایا اور ان سے کہا ’’اب ہم بہت امیر ہو جائے گا۔,گھر آکر اس نے اپنے بچوں کو سونا دکھایا اور ان سے کہا ’’اب ہم بہت امیر ہو جائیں گے۔
اسی وقت بڑھیا کی ایک ہمسائی وہاں آ گیا۔,اسی وقت بڑھیا کی ایک ہمسائی وہاں آ گئی۔
اس نے سونے کا ڈھیر دیکھا تو اس کی آنکھیں پھٹی کی پھٹی رہ گئی۔,اس نے سونے کا ڈھیر دیکھا تو اس کی آنکھیں پھٹی کی پھٹی رہ گئیں۔
بڑھیا نے بارہ مہینوں کا ساری کہانی ہمسائی کو بھی سنایا۔,بڑھیا نے بارہ مہینوں کی ساری کہانی ہمسائی کو بھی سنائی۔
میں نے کتاب پڑھا,میں نے کتاب پڑھی
وہ بازار جا رہے ہے,وہ بازار جا رہا ہے۔
میری دوست آ رہا ہے,میری دوست آ رہی ہے
کیا آپ نے خانا کھا؟,کیا آپ نے خانا کھایا؟
ہم نے فلم دیکھا,ہم نے فلم دیکھی۔
وہ کتابیں پڑھتا ہیں,وہ کتابیں پڑھتی ہیں
اس نے مجھے بلا۔,اس نے مجھے بلایا
بچے کھیل رہا ہیں,بچے کھیل رہے ہیں
ہماری بلی بھاگ گیا,ہماری بلی بھاگ گئی
 مجھے سردی لگ رہا ہے۔,مجھے سردی لگ رہی ہے
انہوں نے اچھا کام کی۔, انہوں نے اچھا کام کیا۔
میں نے انتظار کی,میں نے انتظار کیا۔
 تمہیں جلدی جانا چاہئے۔,تمہیں جلدی جانا چاہیے
اس نے کہا کہ وہ آئے گی,اس نے کہا کہ وہ آئے گا
بچوں کو پڑھائی کرنا چاہیے,بچوں کو پڑھائی کرنی چاہیے
موسم بہت خوشگوار ہوتا ہے,موسم بہت خوشگوار ہے
کیا تم نے اسے دیکھے ہو,کیا تم نے اسے دیکھا ہے
وہ کتاب پڑھ رہے ہے,وہ کتاب پڑھ رہا ہے
ہم نے کھانا بنا,ہم نے کھانا بنایا۔
کیا تم نے میری بات سنا,کیا تم نے میری بات سنی
میرے دوست کل آئے گا,میرے دوست کل آئیں گے
انہوں نے مجھے دیکھے,انہوں نے مجھے دیکھا
بچے سکول جا رہا ہیں۔,بچے سکول جا رہے ہیں
کیا آپ نے چائے پیا,کیا آپ نے چائے پی؟
میں نے ٹی وی دیکھی,میں نے ٹی وی دیکھا
اس نے مجھے کتاب دیا,اس نے مجھے کتاب دی
وہ میری مدد کر رہی ہے,وہ میری مدد کر رہا ہے
ہم نے کھیل کھیلی,ہم نے کھیل کھیلا
تم کیوں رو رہا ہو,تم کیوں رو رہے ہو
انہوں نے کتاب خریدا,انہوں نے کتاب خریدی
ہمیں جلدی پہنچنے ہے,ہمیں جلدی پہنچنا ہے
میری بہن نے گانا گاے,میری بہن نے گانا گایا
کیا تم نے کھانا کھائ,کیا تم نے کھانا کھایا
میں نے اس کتاب کو پڑھی,میں نے اس کتاب کو پڑھا
اس نے میری بات سمجھا,اس نے میری بات سمجھی
ہم فلم دیکھنے جا رہا ہیں,ہم فلم دیکھنے جا رہے ہیں
تمہیں کھانا کھانی چاہیے,تمہیں کھانا کھانا چاہیے
میں نے اسے خط لکھی,میں نے اسے خط لکھا
اس نے مجھے کہانی سنایا,اس نے مجھے کہانی سنائی
وہ اپنا کام کر رہا ہیں,وہ اپنا کام کر رہی ہیں
کیا آپ نے مجھے یاد کی,کیا آپ نے مجھے یاد کیا
انہوں نے مجھے دوائی دیا,انہوں نے مجھے دوائی دی
وہ ہر دن ورزش کرتا ہیں,وہ ہر دن ورزش کرتے ہیں
تمہیں اب جانے چاہیے,تمہیں اب جانا چاہیے
میں نے اسے اپنی کتاب دیا,میں نے اسے اپنی کتاب دی
وہ اپنے دوست کی گھر گئے,وہ اپنے دوست کے گھر گئے
کیا آپ نے ڈاکٹر سے مشورہ کر دیا,کیا آپ نے ڈاکٹر سے مشورہ کیا
اس نے کھانا بنا,اس نے کھانا بنایا
وہ کتابیں پڑھتا ہے,وہ کتابیں پڑھتی ہے
میں نے اسے کہا کہ وہ جلدی آے,میں نے اسے کہا کہ وہ جلدی آئے
